Workbook

Sheet DASHBOARD
A1: 📊 DASHBOARD — CONTROLE DE QUALIDADE OPERACIONAL
A3: Sistema de Controle Operacional • Atualiza automaticamente conforme novos dados são inseridos nas abas GUARDA MAT. ERRADO e CONFERENTES
A4: INDICADORES CHAVE DO MÊS ATUAL
A5: 🔴 TOTAL DE ERROS NO MÊS | E5: 🟠 ERROS — GUARDA MAT. | I5: 🟡 ERROS — ETIQUETAS | M5: 🟢 TOTAL ACUMULADO ANO
A6: =SUMPRODUCT((MONTH('GUARDA MAT. ERRADO'!A3:A102)=MONTH(TODAY()))*(YEAR('GUARDA MAT. ERRADO'!A3:A102)=YEAR(TODAY()))*('GUARDA MAT. ERRADO'!A3:A102<>""))+SUMPRODUCT((MONTH(CONFERENTES!A3:A102)=MONTH(TODAY()))*(YEAR(CONFERENTES!A3:A102)=YEAR(TODAY()))*(CONFERENTES!A3:A102<>"")) -> 0 | E6: =SUMPRODUCT((MONTH('GUARDA MAT. ERRADO'!A3:A102)=MONTH(TODAY()))*(YEAR('GUARDA MAT. ERRADO'!A3:A102)=YEAR(TODAY()))*('GUARDA MAT. ERRADO'!A3:A102<>"")) -> 0 | I6: =SUMPRODUCT((MONTH(CONFERENTES!A3:A102)=MONTH(TODAY()))*(YEAR(CONFERENTES!A3:A102)=YEAR(TODAY()))*(CONFERENTES!A3:A102<>"")) -> 0 | M6: =SUMPRODUCT((YEAR('GUARDA MAT. ERRADO'!A3:A102)=YEAR(TODAY()))*('GUARDA MAT. ERRADO'!A3:A102<>""))+SUMPRODUCT((YEAR(CONFERENTES!A3:A102)=YEAR(TODAY()))*(CONFERENTES!A3:A102<>"")) -> 83
A8: ANÁLISE VISUAL — GRÁFICOS DINÂMICOS
L28: RANKING DE OPERADORES
L29: Operador | M29: Erros
L30: TURNO A
L31: CLEBERSON VALMIR DA SILVA | M31: A | O31: =COUNTIF('GUARDA MAT. ERRADO'!E3:E202,L31) -> 1
L32: DENIS DA SILVA VITAL | M32: A | O32: =COUNTIF('GUARDA MAT. ERRADO'!E3:E202,L32) -> 0
L33: FRANCISCO MATHEUS CAMPINA MEDEIROS | M33: A | O33: =COUNTIF('GUARDA MAT. ERRADO'!E3:E202,L33) -> 0
L34: GUILHERME DE SOUZA PAIVA | M34: A | O34: =COUNTIF('GUARDA MAT. ERRADO'!E3:E202,L34) -> 0
L35: JAILTON PINHEIRO DOS SANTOS | M35: A | O35: =COUNTIF('GUARDA MAT. ERRADO'!E3:E202,L35) -> 4
L36: JOEL MARLON MOTA DOS SANTOS | M36: A | O36: =COUNTIF('GUARDA MAT. ERRADO'!E3:E202,L36) -> 0
L37: KAIQUE SA SILVA FERREIRA | M37: A | O37: =COUNTIF('GUARDA MAT. ERRADO'!E3:E202,L37) -> 7
L38: MARCELO SANTOS DA SILVA BORO | M38: A | O38: =COUNTIF('GUARDA MAT. ERRADO'!E3:E202,L38) -> 4
L39: MICHEL PEREIRA LIMA | M39: A | O39: =COUNTIF('GUARDA MAT. ERRADO'!E3:E202,L39) -> 4
L40: REINALDO DE SANTANA CARDOSO | M40: A | O40: =COUNTIF('GUARDA MAT. ERRADO'!E3:E202,L40) -> 1
L41: ULISSES GOMES DE CASTRO SILVA | M41: A | O41: =COUNTIF('GUARDA MAT. ERRADO'!E3:E202,L41) -> 3
L42: ULISSES SANTANA GUIMARAES | M42: A | O42: =COUNTIF('GUARDA MAT. ERRADO'!E3:E202,L42) -> 3
L43: TURNO B
L44: Antonio Carlos Giraud | M44: B | O44: =COUNTIF('GUARDA MAT. ERRADO'!E3:E202,L44) -> 4
L45: Edson Carlos de Oliveira | M45: B | O45: =COUNTIF('GUARDA MAT. ERRADO'!E3:E202,L45) -> 0
L46: Wilson de Oliveira Araujo | M46: B | O46: =COUNTIF('GUARDA MAT. ERRADO'!E3:E202,L46) -> 0
L47: Marcos Fernando da Silva Santos | M47: B | O47: =COUNTIF('GUARDA MAT. ERRADO'!E3:E202,L47) -> 2
L48: Paulo Rogerio do Nascimento | M48: B | O48: =COUNTIF('GUARDA MAT. ERRADO'!E3:E202,L48) -> 0
L49: Diego Eduardinho | M49: B | O49: =COUNTIF('GUARDA MAT. ERRADO'!E3:E202,L49) -> 1
L50: Igor Amancio de Melo | M50: B | O50: =COUNTIF('GUARDA MAT. ERRADO'!E3:E202,L50) -> 4
L51: Alessandro Inacio Barros | M51: B | O51: =COUNTIF('GUARDA MAT. ERRADO'!E3:E202,L51) -> 4
L52: Robson dos Anjos | M52: B | O52: =COUNTIF('GUARDA MAT. ERRADO'!E3:E202,L52) -> 2
L53: TURNO C
L54: CAIO RODRIGUES DOS SANTOS | M54: C | O54: =COUNTIF('GUARDA MAT. ERRADO'!E3:E202,L54) -> 0
L55: GUSTAVO LIMA FERREIRA | M55: C | O55: =COUNTIF('GUARDA MAT. ERRADO'!E3:E202,L55) -> 6
L56: MARCELO ALVES DOS SANTOS | M56: C | O56: =COUNTIF('GUARDA MAT. ERRADO'!E3:E202,L56) -> 6

Sheet GUARDA MAT. ERRADO
A1: ⚠ CONTROLE DE GUARDA DE MATERIAL ERRADO
A2: Data | B2: Sequência | C2: Localização | D2: Chave do Usuário | E2: Nome do Operador | F2: Onde Foi Encontrado
A3: 46142 | B3: 950.706/001 | C3: B 003 005 11 | D3: F044854 | E3: Diego Eduardinho | F3: B 003 005 01
A4: 46147 | B4: 462. 980/008 | C4: T 005 053 07 | D4: F044147 | E4: Edmilson dos Santos | F4: T005 053 05
A5: 46142 | B5: 449.579/001 | C5: B 001 115 00 | D5: F044567 | E5: Alessandro Inacio Barros | F5: B 001 115 01
A6: 46146 | B6: 456.189/006 | C6: T 005 036 08 | D6: F044590 | E6: Igor Amancio de Melo | F6: T006 036 08
A7: 46139 | B7: 432.335/001 | C7: T 019 036 07 | D7: F044567 | E7: Alessandro Inacio Barros | F7: T020 036 07
A8: 46135 | B8: 859.068/001 | C8: T014 057 01 | D8: F044147 | E8: Edmilson dos Santos | F8: T014 051 01
A9: 46128 | B9: 392.160/001 | C9: T009 006 02 | D9: F044590 | E9: Igor Amancio de Melo | F9: T009 006 02
A10: 46114 | B10: 655.780/001 | C10: B002 128 04 | D10: F044567 | E10: Alessandro Inacio Barros | F10: B002 127 04
A11: 46146 | B11: 454.280/005 | C11: b001 147 01 | D11: F044581 | E11: KAIQUE SA SILVA FERREIRA | F11: B003 147 01
A12: 46136 | B12: 881.222/001 | C12: T016 07 04 | D12: F044572 | E12: GUSTAVO LIMA FERREIRA | F12: T016 017 01
A13: 46136 | B13: 421.224/001 | C13: T012 029 04 | D13: F044717 | E13: MARCELO ALVES DOS SANTOS | F13: T014 029 04
A14: 46112 | B14: 316.989/001 | C14: B 003 058 09 | D14: F044590 | E14: Igor Amancio de Melo | F14: B 003 058 08
... A72: 46196 | B72: 558.446/001 | C72: T019 014 08 | D72: F044392 | E72: MICHEL PEREIRA LIMA | F72: T019 014 05

Sheet CONFERENTES
A1: 🏷 CONTROLE DE ETIQUETAS ERRADAS — CONFERENTES
A2: Data | B2: COD CORRETO | C2: COD ERRADO | D2: Nome do Conferente | E2: Tipo de Erro
A3: 46149 | B3: A 368 420 0338 | C3: A 368 420 01 38 | D3: Uandas de Andrade | E3: Material Etiquetado Errado
A4: 46154 | B4: R 9583573101 | C4: A 967 260 32 01 | D4: Chyrleide da Silva Sousa | E4: Material Etiquetado Errado
A5: 46153 | B5: A 9240101413 | C5: NAO SE APLICA | D5: CAIO RODRIGUES DOS SANTOS | E5: Erro F3
A6: 46149 | B6: A 460 150 40 33 | C6: A 460 150 40 33 | D6: Chyrleide da Silva Sousa | E6: Etiqueta Duplicada
A7: 46057 | B7: A 906 031 1601 | C7: A 926 031 10 01 | D7: PATRICK ROCHA MOREIRA | E7: Material Etiquetado Errado
A8: 46154 | B8: A 472 202 14 19 | C8: NAO SE APLICA | D8: Chyrleide da Silva Sousa | E8: Erro na Quantidade
A9: 46156 | B9: A 906 016 07 69 | C9: LOCACAO ERRADA | D9: LIVIA DA SILVA COSTA | E9: Etiqueta Duplicada
A10: 46155 | B10: A 7152603061 | C10: A 947 260 95 61 | D10: LIVIA DA SILVA COSTA | E10: Material Etiquetado Errado
A11: 46157 | B11: A 9702623437 | C11: NAO SE APLICA | D11: Chyrleide da Silva Sousa | E11: Erro na Quantidade
A12: 46155 | B12: A 9242340212 | C12: A 9042340212 | D12: CAIO RODRIGUES DOS SANTOS | E12: Material Etiquetado Errado
A13: 46155 | B13: A 629 350 16 30 | C13: A 9583504930 | D13: LIVIA DA SILVA COSTA | E13: Material Etiquetado Errado
A14: 46156 | B14: A 3684200238 | C14: A 9614200438 | D14: Chyrleide da Silva Sousa | E14: Material Etiquetado Errado
A15: 46154 | B15: A 961 500 40 00 | C15: NAO SE APLICA | D15: Uandas de Andrade | E15: Erro na Quantidade

Sheet RESUMO_MENSAL
A1: RESUMO MENSAL — Tabela de Apoio ao Dashboard
B2: Jan | C2: Fev | D2: Mar | E2: Abr | F2: Mai | G2: Jun | H2: Jul | I2: Ago | J2: Set | K2: Out | L2: Nov | M2: Dez
A3: Guarda Mat. Errado | B3: =SUMPRODUCT((MONTH('GUARDA MAT. ERRADO'!A3:A102)=1)*(YEAR('GUARDA MAT. ERRADO'!A3:A102)=YEAR(TODAY()))*('GUARDA MAT. ERRADO'!A3:A102<>"")) -> 3 | C3: =SUMPRODUCT((MONTH('GUARDA MAT. ERRADO'!A3:A102)=2)*(YEAR('GUARDA MAT. ERRADO'!A3:A102)=YEAR(TODAY()))*('GUARDA MAT. ERRADO'!A3:A102<>"")) -> 10 | D3: =SUMPRODUCT((MONTH('GUARDA MAT. ERRADO'!A3:A102)=3)*(YEAR('GUARDA MAT. ERRADO'!A3:A102)=YEAR(TODAY()))*('GUARDA MAT. ERRADO'!A3:A102<>"")) -> 4 | E3: =SUMPRODUCT((MONTH('GUARDA MAT. ERRADO'!A3:A102)=4)*(YEAR('GUARDA MAT. ERRADO'!A3:A102)=YEAR(TODAY()))*('GUARDA MAT. ERRADO'!A3:A102<>"")) -> 11 | F3: =SUMPRODUCT((MONTH('GUARDA MAT. ERRADO'!A3:A102)=5)*(YEAR('GUARDA MAT. ERRADO'!A3:A102)=YEAR(TODAY()))*('GUARDA MAT. ERRADO'!A3:A102<>"")) -> 25 | G3: =SUMPRODUCT((MONTH('GUARDA MAT. ERRADO'!A3:A102)=6)*(YEAR('GUARDA MAT. ERRADO'!A3:A102)=YEAR(TODAY()))*('GUARDA MAT. ERRADO'!A3:A102<>"")) -> 17 | H3: =SUMPRODUCT((MONTH('GUARDA MAT. ERRADO'!A3:A102)=7)*(YEAR('GUARDA MAT. ERRADO'!A3:A102)=YEAR(TODAY()))*('GUARDA MAT. ERRADO'!A3:A102<>"")) -> 0 | I3: =SUMPRODUCT((MONTH('GUARDA MAT. ERRADO'!A3:A102)=8)*(YEAR('GUARDA MAT. ERRADO'!A3:A102)=YEAR(TODAY()))*('GUARDA MAT. ERRADO'!A3:A102<>"")) -> 0 | J3: =SUMPRODUCT((MONTH('GUARDA MAT. ERRADO'!A3:A102)=9)*(YEAR('GUARDA MAT. ERRADO'!A3:A102)=YEAR(TODAY()))*('GUARDA MAT. ERRADO'!A3:A102<>"")) -> 0 | K3: =SUMPRODUCT((MONTH('GUARDA MAT. ERRADO'!A3:A102)=10)*(YEAR('GUARDA MAT. ERRADO'!A3:A102)=YEAR(TODAY()))*('GUARDA MAT. ERRADO'!A3:A102<>"")) -> 0 | L3: =SUMPRODUCT((MONTH('GUARDA MAT. ERRADO'!A3:A102)=11)*(YEAR('GUARDA MAT. ERRADO'!A3:A102)=YEAR(TODAY()))*('GUARDA MAT. ERRADO'!A3:A102<>"")) -> 0 | M3: =SUMPRODUCT((MONTH('GUARDA MAT. ERRADO'!A3:A102)=12)*(YEAR('GUARDA MAT. ERRADO'!A3:A102)=YEAR(TODAY()))*('GUARDA MAT. ERRADO'!A3:A102<>"")) -> 0
A4: Etiquetas Erradas | B4: =SUMPRODUCT((MONTH(CONFERENTES!A3:A102)=1)*(YEAR(CONFERENTES!A3:A102)=YEAR(TODAY()))*(CONFERENTES!A3:A102<>"")) -> 0 | C4: =SUMPRODUCT((MONTH(CONFERENTES!A3:A102)=2)*(YEAR(CONFERENTES!A3:A102)=YEAR(TODAY()))*(CONFERENTES!A3:A102<>"")) -> 1 | D4: =SUMPRODUCT((MONTH(CONFERENTES!A3:A102)=3)*(YEAR(CONFERENTES!A3:A102)=YEAR(TODAY()))*(CONFERENTES!A3:A102<>"")) -> 0 | E4: =SUMPRODUCT((MONTH(CONFERENTES!A3:A102)=4)*(YEAR(CONFERENTES!A3:A102)=YEAR(TODAY()))*(CONFERENTES!A3:A102<>"")) -> 0 | F4: =SUMPRODUCT((MONTH(CONFERENTES!A3:A102)=5)*(YEAR(CONFERENTES!A3:A102)=YEAR(TODAY()))*(CONFERENTES!A3:A102<>"")) -> 12 | G4: =SUMPRODUCT((MONTH(CONFERENTES!A3:A102)=6)*(YEAR(CONFERENTES!A3:A102)=YEAR(TODAY()))*(CONFERENTES!A3:A102<>"")) -> 0 | H4: =SUMPRODUCT((MONTH(CONFERENTES!A3:A102)=7)*(YEAR(CONFERENTES!A3:A102)=YEAR(TODAY()))*(CONFERENTES!A3:A102<>"")) -> 0 | I4: =SUMPRODUCT((MONTH(CONFERENTES!A3:A102)=8)*(YEAR(CONFERENTES!A3:A102)=YEAR(TODAY()))*(CONFERENTES!A3:A102<>"")) -> 0 | J4: =SUMPRODUCT((MONTH(CONFERENTES!A3:A102)=9)*(YEAR(CONFERENTES!A3:A102)=YEAR(TODAY()))*(CONFERENTES!A3:A102<>"")) -> 0 | K4: =SUMPRODUCT((MONTH(CONFERENTES!A3:A102)=10)*(YEAR(CONFERENTES!A3:A102)=YEAR(TODAY()))*(CONFERENTES!A3:A102<>"")) -> 0 | L4: =SUMPRODUCT((MONTH(CONFERENTES!A3:A102)=11)*(YEAR(CONFERENTES!A3:A102)=YEAR(TODAY()))*(CONFERENTES!A3:A102<>"")) -> 0 | M4: =SUMPRODUCT((MONTH(CONFERENTES!A3:A102)=12)*(YEAR(CONFERENTES!A3:A102)=YEAR(TODAY()))*(CONFERENTES!A3:A102<>"")) -> 0
A5: TOTAL GERAL | B5: =B3+B4 -> 3 | C5: =C3+C4 -> 11 | D5: =D3+D4 -> 4 | E5: =E3+E4 -> 11 | F5: =F3+F4 -> 37 | G5: =G3+G4 -> 17 | H5: =H3+H4 -> 0 | I5: =I3+I4 -> 0 | ... M5: =M3+M4 -> 0
A7: ERROS POR OPERADOR (GME) | B7: Qtd | D7: ERROS POR CONFERENTE | E7: Qtd
A8: TURNO A | D8: TURNO A
A9: CLEBERSON VALMIR DA SILVA | B9: =COUNTIF('GUARDA MAT. ERRADO'!E3:E202,A9) -> 1 | D9: ARTHUR HENRIQUE DE ALMEIDA MORENO | E9: =COUNTIF(CONFERENTES!D3:D202,D9) -> 0
A10: DENIS DA SILVA VITAL | B10: =COUNTIF('GUARDA MAT. ERRADO'!E3:E202,A10) -> 0 | D10: EDVARD MESQUITA AZEVEDO SOBRINHO | E10: =COUNTIF(CONFERENTES!D3:D202,D10) -> 0
A11: FRANCISCO MATHEUS CAMPINA MEDEIROS | B11: =COUNTIF('GUARDA MAT. ERRADO'!E3:E202,A11) -> 0 | D11: LIVIA DA SILVA COSTA | E11: =COUNTIF(CONFERENTES!D3:D202,D11) -> 3
A12: GUILHERME DE SOUZA PAIVA | B12: =COUNTIF('GUARDA MAT. ERRADO'!E3:E202,A12) -> 0 | D12: LUANA PAULA DOS SANTOS | E12: =COUNTIF(CONFERENTES!D3:D202,D12) -> 0
A13: JAILTON PINHEIRO DOS SANTOS | B13: =COUNTIF('GUARDA MAT. ERRADO'!E3:E202,A13) -> 4 | D13: MARIA FERNANDA GOMES DE OLIVEIRA | E13: =COUNTIF(CONFERENTES!D3:D202,D13) -> 0
A14: JOEL MARLON MOTA DOS SANTOS | B14: =COUNTIF('GUARDA MAT. ERRADO'!E3:E202,A14) -> 0 | D14: PATRICK ROCHA MOREIRA | E14: =COUNTIF(CONFERENTES!D3:D202,D14) -> 1
A15: KAIQUE SA SILVA FERREIRA | B15: =COUNTIF('GUARDA MAT. ERRADO'!E3:E202,A15) -> 7 | D15: TURNO B
A16: MARCELO SANTOS DA SILVA BORO | B16: =COUNTIF('GUARDA MAT. ERRADO'!E3:E202,A16) -> 4 | D16: Uandas de Andrade | E16: =COUNTIF(CONFERENTES!D3:D202,D16) -> 2
A17: MICHEL PEREIRA LIMA | B17: =COUNTIF('GUARDA MAT. ERRADO'!E3:E202,A17) -> 4 | D17: Guilherme Fumes | E17: =COUNTIF(CONFERENTES!D3:D202,D17) -> 0
A18: REINALDO DE SANTANA CARDOSO | B18: =COUNTIF('GUARDA MAT. ERRADO'!E3:E202,A18) -> 1 | D18: Bianca Edwiges | E18: =COUNTIF(CONFERENTES!D3:D202,D18) -> 0
A19: ULISSES GOMES DE CASTRO SILVA | B19: =COUNTIF('GUARDA MAT. ERRADO'!E3:E202,A19) -> 3 | D19: Chyrleide da Silva Sousa | E19: =COUNTIF(CONFERENTES!D3:D202,D19) -> 5
A20: ULISSES SANTANA GUIMARAES | B20: =COUNTIF('GUARDA MAT. ERRADO'!E3:E202,A20) -> 3 | D20: TURNO C
A21: TURNO B | D21: CAIO RODRIGUES DOS SANTOS | E21: =COUNTIF(CONFERENTES!D3:D202,D21) -> 2
A22: Antonio Carlos Giraud | B22: =COUNTIF('GUARDA MAT. ERRADO'!E3:E202,A22) -> 4
A23: Edson Carlos de Oliveira | B23: =COUNTIF('GUARDA MAT. ERRADO'!E3:E202,A23) -> 0
A24: Wilson de Oliveira Araujo | B24: =COUNTIF('GUARDA MAT. ERRADO'!E3:E202,A24) -> 0
A25: Marcos Fernando da Silva Santos | B25: =COUNTIF('GUARDA MAT. ERRADO'!E3:E202,A25) -> 2
A26: Paulo Rogerio do Nascimento | B26: =COUNTIF('GUARDA MAT. ERRADO'!E3:E202,A26) -> 0
A27: Diego Eduardinho | B27: =COUNTIF('GUARDA MAT. ERRADO'!E3:E202,A27) -> 1
A28: Edmilson dos Santos | B28: =COUNTIF('GUARDA MAT. ERRADO'!E3:E202,A28) -> 14
A29: Igor Amancio de Melo | B29: =COUNTIF('GUARDA MAT. ERRADO'!E3:E202,A29) -> 4
A30: Alessandro Inacio Barros | B30: =COUNTIF('GUARDA MAT. ERRADO'!E3:E202,A30) -> 4
A31: Robson dos Anjos | B31: =COUNTIF('GUARDA MAT. ERRADO'!E3:E202,A31) -> 2
A32: TURNO C
A33: CAIO RODRIGUES DOS SANTOS | B33: =COUNTIF('GUARDA MAT. ERRADO'!E3:E202,A33) -> 0
A34: GUSTAVO LIMA FERREIRA | B34: =COUNTIF('GUARDA MAT. ERRADO'!E3:E202,A34) -> 6
A35: MARCELO ALVES DOS SANTOS | B35: =COUNTIF('GUARDA MAT. ERRADO'!E3:E202,A35) -> 6

Sheet LISTAS
A1: GUARDAS | B1: CONFERENTES
A2: CLEBERSON VALMIR DA SILVA | B2: ARTHUR HENRIQUE DE ALMEIDA MORENO
A3: DENIS DA SILVA VITAL | B3: EDVARD MESQUITA AZEVEDO SOBRINHO
A4: FRANCISCO MATHEUS CAMPINA MEDEIROS | B4: LIVIA DA SILVA COSTA
A5: GUILHERME DE SOUZA PAIVA | B5: LUANA PAULA DOS SANTOS
A6: JAILTON PINHEIRO DOS SANTOS | B6: MARIA FERNANDA GOMES DE OLIVEIRA
A7: JOEL MARLON MOTA DOS SANTOS | B7: PATRICK ROCHA MOREIRA
A8: KAIQUE SA SILVA FERREIRA | B8: Uandas de Andrade
A9: MARCELO SANTOS DA SILVA BORO | B9: Guilherme Fumes
A10: MICHEL PEREIRA LIMA | B10: Bianca Edwiges
A11: REINALDO DE SANTANA CARDOSO | B11: Chyrleide da Silva Sousa
A12: ULISSES GOMES DE CASTRO SILVA | B12: CAIO RODRIGUES DOS SANTOS
A13: ULISSES SANTANA GUIMARAES
A14: Antonio Carlos Giraud
A15: Edson Carlos de Oliveira
A16: Wilson de Oliveira Araujo
A17: Marcos Fernando da Silva Santos
A18: Paulo Rogerio do Nascimento
A19: Diego Eduardinho
A20: Edmilson dos Santos
A21: Igor Amancio de Melo
A22: Alessandro Inacio Barros
A23: Robson dos Anjos
A24: CAIO RODRIGUES DOS SANTOS
... A26: MARCELO ALVES DOS SANTOS
